id,first_name,last_name,email,gender,ip_address
1,Paddie,Buckam,pbuckam0@sbwire.com,Male,232.4.188.134
2,Tommy,Joplin,tjoplin1@vk.com,Female,112.49.30.184
3,Grenville,Brownell,gbrownell2@springer.com,Male,125.194.17.33
4,Kelci,Hurtado,khurtado3@studiopress.com,Female,175.160.118.193
5,Cazzie,Tuxill,ctuxill4@noaa.gov,Male,253.1.35.127
6,Hendrik,Basford,hbasford5@geocities.jp,Male,127.5.246.145
7,Pace,Tschierse,ptschierse6@skype.com,Male,179.217.120.129
8,Melloney,Eadon,meadon7@jimdo.com,Female,22.26.225.103
9,Theodor,Guerrier,tguerrier8@sogou.com,Male,193.197.214.37
10,Noah,Askie,naskie9@delicious.com,Male,66.123.236.12
11,Ailina,Segges,aseggesa@dell.com,Female,130.103.171.229
12,Iris,Weekly,iweeklyb@scribd.com,Female,187.11.111.187
13,Toby,McBayne,tmcbaynec@etsy.com,Female,229.36.225.29
14,Malina,Labrum,mlabrumd@disqus.com,Female,156.3.134.202
15,Norman,Heining,nheininge@vk.com,Male,113.40.235.151
16,Suzann,Crotty,scrottyf@vistaprint.com,Female,186.220.109.72
17,Brendin,Brookfield,bbrookfieldg@cafepress.com,Male,86.199.77.7
18,Christiano,Elgey,celgeyh@nsw.gov.au,Male,38.217.70.202
19,Rebekah,Zimmermanns,rzimmermannsi@barnesandnoble.com,Female,217.136.211.14
20,Mikkel,MacCart,mmaccartj@who.int,Male,232.28.169.150
21,Valle,Seamer,vseamerk@usda.gov,Male,2.194.147.30
22,Zelma,Derr,zderrl@twitpic.com,Female,154.112.157.200
23,Lari,Wybern,lwybernm@geocities.com,Female,8.140.114.86
24,Van,Downage,vdownagen@sciencedirect.com,Male,111.29.164.200
25,Carmelia,Bosma,cbosmao@who.int,Female,247.123.188.201
26,Terrye,McPeeters,tmcpeetersp@wufoo.com,Female,196.89.68.5
27,Lila,Tall,ltallq@umn.edu,Female,240.35.67.204
28,Leland,Cannings,lcanningsr@forbes.com,Male,126.134.93.178
29,Yolande,Middlebrook,ymiddlebrooks@kickstarter.com,Female,10.26.126.15
30,Misha,Winkell,mwinkellt@sfgate.com,Female,149.156.150.190
31,Isaiah,Matskiv,imatskivu@people.com.cn,Male,189.219.179.125
32,Colin,De Brett,cdebrettv@china.com.cn,Male,155.77.180.168
33,Tabb,Corey,tcoreyw@va.gov,Male,29.205.240.134
34,Petr,Cornew,pcornewx@deliciousdays.com,Male,117.24.76.108
35,Roma,Casassa,rcasassay@usda.gov,Male,201.171.251.101
36,Mychal,Quiney,mquineyz@pen.io,Male,88.180.123.157
37,Ellery,Dolbey,edolbey10@merriam-webster.com,Male,34.249.96.243
38,Eda,Southcott,esouthcott11@fema.gov,Female,102.234.125.196
39,Patsy,Mansford,pmansford12@aboutads.info,Male,16.165.44.99
40,Lucio,Soper,lsoper13@free.fr,Male,170.68.92.250
41,Lacey,Gallyhaock,lgallyhaock14@constantcontact.com,Female,129.80.97.180
42,Moe,Sandwith,msandwith15@github.io,Male,110.99.205.192
43,Ev,Mostyn,emostyn16@vistaprint.com,Male,244.245.255.199
44,Norma,Jeannon,njeannon17@hubpages.com,Female,177.221.158.47
45,Roman,Aspall,raspall18@economist.com,Male,164.143.70.226
46,Bil,Surtees,bsurtees19@marriott.com,Male,251.128.238.228
47,Danni,Alvar,dalvar1a@wordpress.org,Female,59.34.254.141
48,Josh,Sitford,jsitford1b@time.com,Male,45.131.153.26
49,Millard,Mould,mmould1c@free.fr,Male,243.32.221.176
50,Morten,Sibbson,msibbson1d@engadget.com,Male,73.181.85.55
51,Kienan,Hallut,khallut1e@tamu.edu,Male,185.15.229.225
52,Nappie,Rigardeau,nrigardeau1f@jiathis.com,Male,48.51.204.86
53,Barnebas,Kohen,bkohen1g@fastcompany.com,Male,129.201.187.64
54,Shaylyn,De Biasi,sdebiasi1h@deliciousdays.com,Female,231.37.119.185
55,Guillaume,Kinker,gkinker1i@hugedomains.com,Male,123.230.170.247
56,Tito,Linfield,tlinfield1j@fc2.com,Male,97.194.55.109
57,Mariska,Dives,mdives1k@booking.com,Female,155.228.68.193
58,Cathryn,Waldie,cwaldie1l@arizona.edu,Female,6.89.40.150
59,Dill,Crocker,dcrocker1m@plala.or.jp,Male,146.169.132.81
60,Dniren,Farnham,dfarnham1n@blinklist.com,Female,103.155.213.234
61,Heinrik,Lambol,hlambol1o@rediff.com,Male,216.80.58.24
62,Thorny,Olkowicz,tolkowicz1p@meetup.com,Male,238.168.154.152
63,Koral,Eul,keul1q@4shared.com,Female,99.35.248.64
64,Sheff,Hazel,shazel1r@psu.edu,Male,252.186.166.171
65,Elissa,Waterfield,ewaterfield1s@webmd.com,Female,183.170.31.87
66,Alistair,Lyttle,alyttle1t@nps.gov,Male,217.66.105.59
67,Morly,Gelderd,mgelderd1u@mail.ru,Male,150.121.73.42
68,Mort,Thomann,mthomann1v@europa.eu,Male,25.229.236.49
69,Russ,Odo,rodo1w@indiegogo.com,Male,127.220.49.149
70,Cully,Shurman,cshurman1x@fastcompany.com,Male,222.178.91.6
71,Leisha,Anscott,lanscott1y@bloglovin.com,Female,42.33.151.114
72,Claudianus,McKune,cmckune1z@lycos.com,Male,13.18.100.25
73,Ofelia,Goatman,ogoatman20@europa.eu,Female,216.45.91.66
74,Corbin,Gerner,cgerner21@storify.com,Male,251.171.83.204
75,Berget,Willers,bwillers22@dyndns.org,Female,4.116.104.116
76,Malinda,Quarrington,mquarrington23@delicious.com,Female,15.77.135.153
77,Riannon,Hair,rhair24@cnbc.com,Female,254.108.141.225
78,Uta,O'Roan,uoroan25@prlog.org,Female,63.236.198.44
79,Norbie,Barday,nbarday26@51.la,Male,203.168.27.73
80,Julietta,Bloxsome,jbloxsome27@foxnews.com,Female,14.138.230.227
81,Dwight,Storkes,dstorkes28@arizona.edu,Male,42.110.200.196
82,Kerry,Shewsmith,kshewsmith29@yolasite.com,Male,0.156.176.37
83,Yvon,Stidworthy,ystidworthy2a@csmonitor.com,Male,106.239.223.174
84,Callie,Pindred,cpindred2b@mlb.com,Female,36.63.134.183
85,Helen-elizabeth,Callis,hcallis2c@cnn.com,Female,27.79.245.148
86,Grace,Bradwell,gbradwell2d@ning.com,Male,132.119.135.249
87,Caro,Been,cbeen2e@yale.edu,Female,202.170.221.181
88,Dale,Jaggard,djaggard2f@hubpages.com,Female,74.67.106.79
89,Konrad,Blanking,kblanking2g@chicagotribune.com,Male,93.104.238.156
90,Caleb,Forbes,cforbes2h@msu.edu,Male,140.242.48.110
91,Richardo,Spikins,rspikins2i@blinklist.com,Male,35.135.251.68
92,Anatole,Braganca,abraganca2j@europa.eu,Male,106.202.133.184
93,Skylar,Conkling,sconkling2k@bravesites.com,Male,84.59.11.50
94,Bail,Drews,bdrews2l@miitbeian.gov.cn,Male,73.221.97.7
95,Vally,Redfern,vredfern2m@over-blog.com,Female,92.234.28.96
96,Brockie,Heam,bheam2n@sakura.ne.jp,Male,45.53.154.136
97,Bank,Sommer,bsommer2o@themeforest.net,Male,220.147.72.122
98,Eveleen,Shobrook,eshobrook2p@bbc.co.uk,Female,29.166.194.101
99,Lisabeth,Rubinfeld,lrubinfeld2q@alibaba.com,Female,109.182.172.166
100,Salomon,Langeren,slangeren2r@who.int,Male,183.2.205.130
101,Adria,O'Lunney,aolunney2s@wsj.com,Female,229.206.214.54
102,Natal,Westwater,nwestwater2t@princeton.edu,Male,158.116.16.76
103,Farra,Pavlasek,fpavlasek2u@imageshack.us,Female,239.61.223.193
104,Cathyleen,Madine,cmadine2v@nyu.edu,Female,78.68.115.142
105,Vern,Dewer,vdewer2w@elpais.com,Male,42.111.128.119
106,Lamar,Skeats,lskeats2x@nhs.uk,Male,193.8.153.91
107,Mathew,McGinlay,mmcginlay2y@ibm.com,Male,87.43.253.208
108,Cassie,Jump,cjump2z@phpbb.com,Male,161.164.107.238
109,Anissa,Sarre,asarre30@cloudflare.com,Female,197.221.22.151
110,Woodie,Farrans,wfarrans31@eepurl.com,Male,98.31.132.12
111,Skell,Kenryd,skenryd32@nasa.gov,Male,113.147.71.90
112,Maxy,Twizell,mtwizell33@yellowpages.com,Male,157.143.219.213
113,Kerk,Shawell,kshawell34@shareasale.com,Male,253.55.88.76
114,Clyde,Norrey,cnorrey35@studiopress.com,Male,179.37.65.81
115,Tomi,Bunn,tbunn36@live.com,Female,104.241.27.97
116,Gratia,MacSkeagan,gmacskeagan37@acquirethisname.com,Female,131.151.212.152
117,Allyson,Eberle,aeberle38@com.com,Female,199.37.223.72
118,Eleonora,Lye,elye39@topsy.com,Female,28.51.21.73
119,Kendra,Andrew,kandrew3a@washingtonpost.com,Female,121.254.48.101
120,Phil,Boal,pboal3b@github.com,Male,92.139.97.74
121,Waldon,Pero,wpero3c@cafepress.com,Male,65.26.207.91
122,Evvie,Tremain,etremain3d@canalblog.com,Female,206.104.157.180
123,Nadia,Hymus,nhymus3e@discovery.com,Female,250.251.7.174
124,Erena,Elloway,eelloway3f@joomla.org,Female,185.213.163.172
125,Henry,Stiling,hstiling3g@scribd.com,Male,208.161.203.101
126,Tobiah,Ellings,tellings3h@merriam-webster.com,Male,192.76.2.243
127,Juana,Jaskiewicz,jjaskiewicz3i@telegraph.co.uk,Female,117.235.141.216
128,Millard,Glazer,mglazer3j@mozilla.com,Male,179.48.174.173
129,Mathias,Tulk,mtulk3k@rediff.com,Male,4.149.211.85
130,Darice,Robertsen,drobertsen3l@dot.gov,Female,136.3.12.61
131,Sheppard,Brisse,sbrisse3m@mozilla.com,Male,5.184.16.40
132,Blithe,Leather,bleather3n@wordpress.com,Female,22.15.131.144
133,Rudolf,Rowatt,rrowatt3o@facebook.com,Male,185.55.94.137
134,Brett,Raffan,braffan3p@sciencedirect.com,Male,87.35.23.33
135,Thatch,Manshaw,tmanshaw3q@wordpress.org,Male,225.175.240.9
136,Roxine,Braundt,rbraundt3r@forbes.com,Female,229.85.118.217
137,Kennan,Gehring,kgehring3s@boston.com,Male,71.41.160.118
138,Ailyn,Tolan,atolan3t@over-blog.com,Female,204.137.203.226
139,Fanni,Yaxley,fyaxley3u@nasa.gov,Female,102.216.153.156
140,Hayyim,Greendale,hgreendale3v@hhs.gov,Male,78.100.118.48
141,Margie,Brenston,mbrenston3w@si.edu,Female,122.105.9.160
142,Sally,Travers,stravers3x@dot.gov,Female,42.87.247.155
143,Forbes,Whitechurch,fwhitechurch3y@wired.com,Male,12.85.67.221
144,Eunice,Reiach,ereiach3z@cloudflare.com,Female,106.81.141.105
145,Flinn,Bonick,fbonick40@psu.edu,Male,85.43.29.40
146,Rasla,Dobbison,rdobbison41@globo.com,Female,42.204.25.90
147,Jean,Meakes,jmeakes42@squarespace.com,Female,50.119.128.189
148,Rickey,Jobern,rjobern43@bizjournals.com,Male,200.116.159.250
149,Bryna,Lackham,blackham44@twitpic.com,Female,52.57.52.215
150,Martguerita,Popping,mpopping45@about.com,Female,45.35.41.118
151,Clyve,Boardman,cboardman46@mac.com,Male,92.138.133.226
152,Andrej,Kilgrew,akilgrew47@hp.com,Male,56.32.225.173
153,Lottie,Warland,lwarland48@walmart.com,Female,217.15.112.113
154,Josephine,Sommerscales,jsommerscales49@woothemes.com,Female,190.26.217.222
155,Shalom,Baseke,sbaseke4a@symantec.com,Male,214.219.206.233
156,Donielle,Sprouls,dsprouls4b@comcast.net,Female,173.231.50.178
157,Elvira,Hallatt,ehallatt4c@nytimes.com,Female,224.166.56.255
158,Carrie,Wilden,cwilden4d@phpbb.com,Female,242.25.21.82
159,Rhys,Bedinn,rbedinn4e@cloudflare.com,Male,34.250.103.84
160,Dee dee,Baudoux,dbaudoux4f@shop-pro.jp,Female,176.144.14.133
161,Trixy,Bowry,tbowry4g@hhs.gov,Female,123.82.215.142
162,Fernando,Blitzer,fblitzer4h@wired.com,Male,245.115.29.15
163,Reinaldos,Lindsell,rlindsell4i@newsvine.com,Male,42.28.89.22
164,Hamish,Prescott,hprescott4j@taobao.com,Male,243.74.111.155
165,Dasi,Shillabear,dshillabear4k@rakuten.co.jp,Female,104.88.33.155
166,Roseline,Stanislaw,rstanislaw4l@wunderground.com,Female,41.26.162.83
167,Cora,MacDonogh,cmacdonogh4m@artisteer.com,Female,70.243.252.66
168,Broddy,Hastin,bhastin4n@adobe.com,Male,225.219.176.25
169,Halsey,Beves,hbeves4o@google.ca,Male,58.129.7.210
170,Daniela,Gripton,dgripton4p@wordpress.org,Female,248.155.10.147
171,Viola,McLevie,vmclevie4q@people.com.cn,Female,107.209.25.103
172,Piotr,Vondra,pvondra4r@squarespace.com,Male,68.55.67.255
173,Belia,Virgoe,bvirgoe4s@yellowbook.com,Female,199.82.38.100
174,Travers,Cuff,tcuff4t@skyrock.com,Male,131.135.214.6
175,Alena,Rimbault,arimbault4u@domainmarket.com,Female,63.140.232.37
176,Dehlia,Pietruszka,dpietruszka4v@businessweek.com,Female,97.157.185.173
177,Michaella,Dingsdale,mdingsdale4w@elpais.com,Female,60.41.227.208
178,Anjela,Bezemer,abezemer4x@hhs.gov,Female,230.134.227.246
179,Lilllie,Wasselin,lwasselin4y@surveymonkey.com,Female,133.122.122.101
180,Toby,Verillo,tverillo4z@hc360.com,Male,37.106.18.227
181,Torr,Ede,tede50@dailymail.co.uk,Male,211.55.175.231
182,Beniamino,Massimi,bmassimi51@kickstarter.com,Male,86.210.210.238
183,Rahel,Kentish,rkentish52@nymag.com,Female,212.68.9.2
184,Glynis,Tipperton,gtipperton53@de.vu,Female,98.103.69.199
185,Haskell,Jurczak,hjurczak54@geocities.jp,Male,54.172.24.4
186,Penn,Limerick,plimerick55@imgur.com,Male,25.232.220.159
187,Brianna,Dauncey,bdauncey56@devhub.com,Female,19.36.168.84
188,Hazlett,Bentote,hbentote57@fastcompany.com,Male,44.69.198.161
189,Fayina,Blinerman,fblinerman58@utexas.edu,Female,86.43.214.253
190,Sorcha,Oliff,soliff59@fotki.com,Female,197.80.247.123
191,Ira,Morbey,imorbey5a@hhs.gov,Female,29.64.194.233
192,Jackquelin,Huckerby,jhuckerby5b@dot.gov,Female,23.185.95.70
193,Prentice,Goodband,pgoodband5c@skype.com,Male,174.98.8.220
194,Nanice,Woolfoot,nwoolfoot5d@europa.eu,Female,43.8.93.241
195,Welch,O'Corrin,wocorrin5e@amazon.com,Male,102.225.169.52
196,Melesa,Domelaw,mdomelaw5f@cpanel.net,Female,119.158.101.255
197,Baxter,Polkinghorne,bpolkinghorne5g@sfgate.com,Male,78.60.241.61
198,Mel,Philipard,mphilipard5h@skype.com,Female,107.126.95.214
199,Betteanne,Cordy,bcordy5i@barnesandnoble.com,Female,125.124.84.11
200,Joby,Banister,jbanister5j@npr.org,Female,148.150.211.243
201,Katee,Lief,klief5k@thetimes.co.uk,Female,123.116.66.163
202,Simone,Giscken,sgiscken5l@ucla.edu,Male,102.8.87.231
203,Putnam,Verty,pverty5m@ifeng.com,Male,55.42.236.103
204,Roxie,Emps,remps5n@utexas.edu,Female,159.163.60.119
205,Jacenta,Elwood,jelwood5o@goo.ne.jp,Female,77.127.173.26
206,Thomasine,Crame,tcrame5p@google.pl,Female,17.89.170.250
207,Leigh,Josilevich,ljosilevich5q@archive.org,Female,227.6.80.50
208,Dalenna,Beckhurst,dbeckhurst5r@reddit.com,Female,108.76.75.132
209,Darius,Dilkes,ddilkes5s@over-blog.com,Male,53.78.7.194
210,Gib,Elliker,gelliker5t@huffingtonpost.com,Male,99.163.108.10
211,Charita,Heintsch,cheintsch5u@nationalgeographic.com,Female,138.52.28.101
212,Wanda,Auckland,wauckland5v@deliciousdays.com,Female,142.181.54.166
213,Thibaut,Haddrell,thaddrell5w@yahoo.co.jp,Male,132.151.161.34
214,Parry,Peye,ppeye5x@google.com.hk,Male,4.229.80.219
215,Mina,Buer,mbuer5y@surveymonkey.com,Female,22.52.63.186
216,Shepperd,Skeermor,sskeermor5z@dell.com,Male,83.164.185.147
217,Onfre,Seiler,oseiler60@ebay.com,Male,71.13.249.173
218,Wat,Richen,wrichen61@businesswire.com,Male,200.112.199.42
219,Marys,Croall,mcroall62@globo.com,Female,110.80.37.246
220,Sheridan,Gossage,sgossage63@netscape.com,Male,90.142.244.53
221,Nels,Fogarty,nfogarty64@ask.com,Male,103.32.238.178
222,Vidovik,Iannelli,viannelli65@wikia.com,Male,192.138.191.221
223,Anya,Olifaunt,aolifaunt66@sina.com.cn,Female,217.80.32.143
224,Aguistin,McCrudden,amccrudden67@a8.net,Male,198.4.16.81
225,Coral,Powlett,cpowlett68@hhs.gov,Female,240.202.113.11
226,Ivy,Seedull,iseedull69@nydailynews.com,Female,7.115.128.180
227,Ed,Teeney,eteeney6a@cafepress.com,Male,74.209.221.42
228,Jemmie,Parkyns,jparkyns6b@sourceforge.net,Female,209.95.48.156
229,Egor,Swaffer,eswaffer6c@upenn.edu,Male,155.229.207.8
230,Maxwell,Ashby,mashby6d@hexun.com,Male,208.178.203.234
231,Kennie,Moston,kmoston6e@feedburner.com,Male,135.118.141.131
232,Babbie,Brandi,bbrandi6f@vkontakte.ru,Female,207.141.247.189
233,Roda,Jerromes,rjerromes6g@cmu.edu,Female,93.88.177.185
234,Charley,Probart,cprobart6h@wisc.edu,Male,46.53.67.236
235,Shem,Leffek,sleffek6i@mapquest.com,Male,218.196.102.236
236,Corilla,Soutter,csoutter6j@google.com.br,Female,165.231.144.144
237,Barbette,Zmitrovich,bzmitrovich6k@woothemes.com,Female,131.46.169.227
238,Smitty,Denmead,sdenmead6l@nba.com,Male,128.82.236.236
239,Shara,Gallelli,sgallelli6m@cyberchimps.com,Female,23.224.172.133
240,Gwendolin,Spittle,gspittle6n@weibo.com,Female,103.89.138.183
241,Gerry,Wisby,gwisby6o@twitpic.com,Male,200.160.0.26
242,Kaitlin,Rhydderch,krhydderch6p@dmoz.org,Female,170.223.240.93
243,Cole,O Mullen,comullen6q@icio.us,Male,210.135.132.96
244,Rafa,Dymond,rdymond6r@photobucket.com,Female,226.168.62.84
245,Hurley,Tibald,htibald6s@ustream.tv,Male,247.35.21.7
246,Mallissa,Dumbreck,mdumbreck6t@toplist.cz,Female,177.112.229.0
247,Lamont,Medmore,lmedmore6u@mashable.com,Male,139.152.235.142
248,Laurie,Orrey,lorrey6v@google.it,Female,178.51.5.47
249,Marlin,Luker,mluker6w@comsenz.com,Male,170.80.67.55
250,Emmye,Mugg,emugg6x@themeforest.net,Female,240.106.22.159
251,Richmond,Dangerfield,rdangerfield6y@gnu.org,Male,4.77.133.200
252,Jeremiah,Bloyes,jbloyes6z@ox.ac.uk,Male,93.4.105.143
253,Goran,Commin,gcommin70@upenn.edu,Male,216.143.58.46
254,Gannon,Merck,gmerck71@noaa.gov,Male,136.50.120.143
255,Ned,Pleager,npleager72@godaddy.com,Male,77.235.207.203
256,Udall,Seatter,useatter73@yellowpages.com,Male,99.66.182.152
257,Stillmann,Clery,sclery74@google.cn,Male,64.160.110.140
258,Marven,Scandrite,mscandrite75@bluehost.com,Male,188.175.86.9
259,Garrett,Capron,gcapron76@baidu.com,Male,0.97.143.87
260,Cletis,Lidgertwood,clidgertwood77@psu.edu,Male,98.26.138.205
261,Benyamin,Tunnock,btunnock78@china.com.cn,Male,241.178.52.156
262,Tally,Devo,tdevo79@wikimedia.org,Female,24.123.94.253
263,Lacee,Calendar,lcalendar7a@pagesperso-orange.fr,Female,208.191.161.50
264,Umberto,Olliver,uolliver7b@unesco.org,Male,224.77.162.101
265,Cammy,Stockport,cstockport7c@discuz.net,Male,45.218.68.78
266,Niles,Haddacks,nhaddacks7d@cmu.edu,Male,81.23.248.207
267,Evita,Romanetti,eromanetti7e@blinklist.com,Female,68.212.42.4
268,Niko,Farre,nfarre7f@squidoo.com,Male,53.44.251.165
269,Dayle,Beckingham,dbeckingham7g@infoseek.co.jp,Female,16.35.244.96
270,Pall,Slides,pslides7h@apple.com,Male,224.186.137.244
271,Adria,Salters,asalters7i@buzzfeed.com,Female,247.89.84.254
272,Zolly,Coppock.,zcoppock7j@wikimedia.org,Male,189.182.166.148
273,Lorrin,Domone,ldomone7k@usatoday.com,Female,14.110.126.188
274,Blair,Edlington,bedlington7l@diigo.com,Male,197.91.153.228
275,Sherri,Deshorts,sdeshorts7m@feedburner.com,Female,111.73.142.138
276,Gayle,Jameson,gjameson7n@rediff.com,Male,244.141.187.77
277,Raimund,Marvel,rmarvel7o@samsung.com,Male,244.28.40.30
278,Nye,Wrout,nwrout7p@disqus.com,Male,190.137.191.238
279,Debor,Goadsby,dgoadsby7q@gnu.org,Female,158.67.196.182
280,Serena,Travis,stravis7r@yelp.com,Female,172.177.213.216
281,Bevvy,Treend,btreend7s@mozilla.org,Female,155.200.84.112
282,Inesita,Franceschi,ifranceschi7t@icq.com,Female,176.194.229.26
283,Merry,Lorrain,mlorrain7u@ocn.ne.jp,Female,214.75.193.136
284,Hermie,Jarmyn,hjarmyn7v@smugmug.com,Male,211.9.216.25
285,Corabel,Wilfing,cwilfing7w@msu.edu,Female,103.173.26.17
286,Worthington,Snalham,wsnalham7x@blogs.com,Male,67.103.101.231
287,Timmi,Wiffen,twiffen7y@shinystat.com,Female,133.218.105.159
288,Emmit,Duesbury,eduesbury7z@unicef.org,Male,58.181.178.228
289,Beryl,Cabel,bcabel80@odnoklassniki.ru,Female,38.164.24.225
290,Rolando,Etridge,retridge81@marketwatch.com,Male,92.249.240.171
291,Carleton,Lipson,clipson82@weebly.com,Male,215.170.26.137
292,Chevalier,Leipelt,cleipelt83@alexa.com,Male,68.226.122.25
293,Curtis,Revitt,crevitt84@storify.com,Male,202.198.78.215
294,Zara,Meriott,zmeriott85@joomla.org,Female,170.103.139.226
295,Marya,Villiers,mvilliers86@tripadvisor.com,Female,42.111.105.239
296,Ardyce,McNally,amcnally87@si.edu,Female,107.102.84.153
297,Kylynn,Thatcher,kthatcher88@gmpg.org,Female,116.253.55.203
298,Brnaby,Shead,bshead89@msu.edu,Male,69.222.187.3
299,Daron,Ahrend,dahrend8a@unc.edu,Male,124.231.189.173
300,Lorenzo,Lawling,llawling8b@pinterest.com,Male,109.64.125.210
301,Janek,Siley,jsiley8c@ucsd.edu,Male,69.57.48.151
302,Karola,Duthy,kduthy8d@ustream.tv,Female,75.176.103.141
303,Jesse,Bucknell,jbucknell8e@blogger.com,Male,137.43.41.234
304,Sharon,Gayforth,sgayforth8f@sciencedirect.com,Female,241.174.109.223
305,Thoma,Bown,tbown8g@linkedin.com,Male,97.111.146.87
306,Edee,Gernier,egernier8h@360.cn,Female,216.75.184.7
307,Brooks,Dodman,bdodman8i@archive.org,Female,187.186.246.188
308,Jennine,Nolli,jnolli8j@amazon.co.jp,Female,176.32.167.159
309,Claudelle,Bricknall,cbricknall8k@buzzfeed.com,Female,137.71.125.6
310,Collen,Yurocjhin,cyurocjhin8l@ucoz.com,Female,98.207.235.137
311,Rosalynd,Lamberth,rlamberth8m@furl.net,Female,214.143.134.89
312,Irwin,Alwin,ialwin8n@google.nl,Male,140.175.49.112
313,Cherrita,Havard,chavard8o@merriam-webster.com,Female,136.189.89.53
314,Renado,Hanse,rhanse8p@columbia.edu,Male,40.147.194.170
315,Hirsch,Orknay,horknay8q@independent.co.uk,Male,153.69.138.159
316,Gonzalo,Oleszcuk,goleszcuk8r@seesaa.net,Male,16.234.117.81
317,Rossy,Densey,rdensey8s@microsoft.com,Male,137.132.187.244
318,Constantina,Barsby,cbarsby8t@trellian.com,Female,4.169.186.121
319,Gard,Wray,gwray8u@fc2.com,Male,22.212.233.169
320,Freddie,Loiterton,floiterton8v@auda.org.au,Female,202.244.182.115
321,Agna,Wabe,awabe8w@utexas.edu,Female,66.74.147.79
322,Heath,Tofts,htofts8x@ehow.com,Male,224.67.107.49
323,Barney,Toffoletto,btoffoletto8y@youtu.be,Male,122.116.16.216
324,Wayland,Crayton,wcrayton8z@usa.gov,Male,180.78.236.58
325,Wood,Hauxley,whauxley90@github.com,Male,247.125.176.226
326,Bo,Jephson,bjephson91@free.fr,Male,194.135.76.28
327,Sauveur,Issacof,sissacof92@msu.edu,Male,74.16.149.168
328,Merralee,Bending,mbending93@cornell.edu,Female,154.166.25.221
329,Tallie,Skeels,tskeels94@wired.com,Male,62.168.155.37
330,Agnola,Dankersley,adankersley95@state.gov,Female,176.89.138.158
331,Urbain,Cotillard,ucotillard96@hao123.com,Male,71.83.73.179
332,Codi,McQuie,cmcquie97@zdnet.com,Female,219.97.30.17
333,Cornelle,Steed,csteed98@nature.com,Female,83.140.76.229
334,Mozes,Son,mson99@boston.com,Male,77.120.156.36
335,Donnie,Trundle,dtrundle9a@hugedomains.com,Male,64.65.5.60
336,Elly,Rizon,erizon9b@cpanel.net,Female,191.63.44.126
337,Hashim,Dilks,hdilks9c@gravatar.com,Male,249.210.225.146
338,Griffin,Rookeby,grookeby9d@trellian.com,Male,220.202.169.167
339,Elnar,Readman,ereadman9e@printfriendly.com,Male,162.93.87.209
340,Byram,Tschursch,btschursch9f@rambler.ru,Male,29.53.193.209
341,Spencer,Jennaway,sjennaway9g@ovh.net,Male,181.244.139.209
342,Gonzalo,Smurfit,gsmurfit9h@yelp.com,Male,49.222.238.163
343,Cassi,Chase,cchase9i@printfriendly.com,Female,3.80.247.37
344,Daffi,McCue,dmccue9j@slashdot.org,Female,169.196.2.124
345,Evan,Domonkos,edomonkos9k@timesonline.co.uk,Male,233.75.252.100
346,Demetris,Beeching,dbeeching9l@loc.gov,Male,172.127.61.99
347,Bary,Hudspith,bhudspith9m@bbc.co.uk,Male,53.226.119.42
348,Sutherlan,Pett,spett9n@economist.com,Male,251.123.20.248
349,Ev,Dillet,edillet9o@gnu.org,Male,80.129.52.64
350,Knox,Goymer,kgoymer9p@vimeo.com,Male,240.231.202.101
351,Shannon,Neles,sneles9q@netlog.com,Male,25.239.93.164
352,Rica,McAndie,rmcandie9r@nyu.edu,Female,165.246.240.167
353,Grady,Kiff,gkiff9s@ovh.net,Male,227.71.75.217
354,Rebbecca,Seiler,rseiler9t@mapy.cz,Female,91.127.78.80
355,Rustin,Lerwell,rlerwell9u@github.com,Male,140.68.253.186
356,Hazlett,Bydaway,hbydaway9v@php.net,Male,22.161.148.232
357,Laverna,Perree,lperree9w@timesonline.co.uk,Female,21.10.175.132
358,Brett,Cellier,bcellier9x@home.pl,Male,173.123.152.187
359,Ed,Signori,esignori9y@aol.com,Male,75.9.121.235
360,Tabbie,Vinau,tvinau9z@webs.com,Female,83.97.133.205
361,Carena,Worrell,cworrella0@deliciousdays.com,Female,162.17.216.10
362,Gunter,Pitchers,gpitchersa1@oaic.gov.au,Male,149.135.237.46
363,Devinne,Bridgeman,dbridgemana2@seattletimes.com,Female,157.211.110.90
364,Mikey,Aldiss,maldissa3@example.com,Male,144.183.20.125
365,Donna,Flips,dflipsa4@histats.com,Female,188.223.108.89
366,Harlin,Rudwell,hrudwella5@wunderground.com,Male,235.82.4.202
367,Germain,Lovelock,glovelocka6@phoca.cz,Male,20.193.150.74
368,Trix,Dunklee,tdunkleea7@slate.com,Female,171.200.31.73
369,Vladamir,Martinot,vmartinota8@indiegogo.com,Male,130.41.194.244
370,Erica,Bagwell,ebagwella9@craigslist.org,Female,31.133.162.78
371,Kalle,Folks,kfolksaa@addtoany.com,Male,171.57.144.177
372,Roobbie,Grewes,rgrewesab@domainmarket.com,Female,97.58.107.81
373,Shaine,Treves,strevesac@tumblr.com,Male,181.241.179.196
374,Willetta,Masselin,wmasselinad@163.com,Female,219.7.137.19
375,Elizabet,Renzullo,erenzulloae@scribd.com,Female,195.207.215.138
376,Ollie,Drakeley,odrakeleyaf@list-manage.com,Male,253.228.200.139
377,Bernice,MacKain,bmackainag@linkedin.com,Female,79.96.60.201
378,Harmony,Reeman,hreemanah@businesswire.com,Female,232.185.101.156
379,Donal,Abrahami,dabrahamiai@123-reg.co.uk,Male,215.108.67.99
380,Dare,Biernacki,dbiernackiaj@cloudflare.com,Male,82.45.55.41
381,Chrisse,Pote,cpoteak@github.io,Male,98.233.19.230
382,Gwenny,Tilson,gtilsonal@statcounter.com,Female,103.136.50.191
383,Patton,Christoffe,pchristoffeam@noaa.gov,Male,121.67.64.9
384,Katharine,Mager,kmageran@jimdo.com,Female,7.14.131.119
385,Meg,Pidgeley,mpidgeleyao@last.fm,Female,117.37.33.162
386,Finlay,Fright,ffrightap@ycombinator.com,Male,66.254.115.248
387,Bernette,Overel,boverelaq@barnesandnoble.com,Female,216.109.18.16
388,Raynard,Kraft,rkraftar@gizmodo.com,Male,234.17.245.218
389,Stewart,McGibbon,smcgibbonas@wordpress.org,Male,129.48.121.48
390,Pepillo,Covendon,pcovendonat@symantec.com,Male,46.201.41.154
391,Klarrisa,Kloisner,kkloisnerau@nydailynews.com,Female,166.245.234.235
392,Dyana,Checchi,dchecchiav@independent.co.uk,Female,160.65.173.41
393,Mandel,Ox,moxaw@apache.org,Male,89.68.63.47
394,Valeda,Humblestone,vhumblestoneax@amazonaws.com,Female,240.125.129.4
395,Monika,Gerbi,mgerbiay@columbia.edu,Female,66.89.210.101
396,Traver,Fulk,tfulkaz@gnu.org,Male,230.195.127.218
397,Cash,Le Fleming,cleflemingb0@ustream.tv,Male,133.42.57.152
398,Carilyn,O'Dyvoy,codyvoyb1@xing.com,Female,186.11.153.51
399,Aidan,Clayborn,aclaybornb2@google.pl,Female,75.102.169.22
400,Cheryl,Shapero,cshaperob3@reddit.com,Female,137.202.121.209
401,Jock,Carman,jcarmanb4@biblegateway.com,Male,23.5.234.204
402,Marlene,Ritch,mritchb5@disqus.com,Female,64.12.81.170
403,Nero,Heugle,nheugleb6@cargocollective.com,Male,136.185.177.25
404,Codie,Compson,ccompsonb7@merriam-webster.com,Male,166.182.57.74
405,Townsend,Mundy,tmundyb8@ustream.tv,Male,229.241.66.3
406,Odille,Sara,osarab9@abc.net.au,Female,168.134.191.146
407,Magdalene,Sighart,msighartba@constantcontact.com,Female,125.117.132.171
408,Rickie,Ousby,rousbybb@intel.com,Male,146.86.31.19
409,Ruthanne,Gibbonson,rgibbonsonbc@myspace.com,Female,70.44.66.167
410,Marlo,Birtchnell,mbirtchnellbd@sogou.com,Female,250.59.33.227
411,Fairleigh,Werrett,fwerrettbe@unblog.fr,Male,76.3.213.125
412,Isis,Blodg,iblodgbf@utexas.edu,Female,25.91.222.202
413,Bartholomeo,Fourcade,bfourcadebg@bbb.org,Male,219.113.196.153
414,Neddy,Crasford,ncrasfordbh@time.com,Male,80.220.147.98
415,Bart,Caddick,bcaddickbi@telegraph.co.uk,Male,130.222.152.181
416,Larine,Smitham,lsmithambj@desdev.cn,Female,237.108.224.126
417,Helga,Siemantel,hsiemantelbk@issuu.com,Female,33.163.71.165
418,Casper,Taberer,ctabererbl@studiopress.com,Male,214.78.155.136
419,Kikelia,Sandever,ksandeverbm@wordpress.com,Female,225.190.95.146
420,Willi,Davitashvili,wdavitashvilibn@yahoo.co.jp,Female,87.79.15.31
421,Dahlia,Padilla,dpadillabo@howstuffworks.com,Female,97.24.172.41
422,Dewain,Phin,dphinbp@amazon.co.jp,Male,61.53.79.89
423,Nicholas,Ladel,nladelbq@yahoo.com,Male,64.36.165.114
424,Teodora,Warfield,twarfieldbr@mtv.com,Female,84.75.232.82
425,Cale,Aves,cavesbs@skype.com,Male,251.11.112.129
426,Arnaldo,Touret,atouretbt@merriam-webster.com,Male,85.176.127.50
427,Kassandra,Harrismith,kharrismithbu@dmoz.org,Female,60.50.93.70
428,Wilmar,Milam,wmilambv@google.ru,Male,251.208.84.120
429,Wendi,Polly,wpollybw@salon.com,Female,52.206.32.93
430,Madelina,McCudden,mmccuddenbx@arizona.edu,Female,186.234.38.117
431,Andrej,Lesser,alesserby@google.com,Male,160.211.68.204
432,Vernon,Wallas,vwallasbz@simplemachines.org,Male,131.215.74.202
433,Cathie,Jizhaki,cjizhakic0@latimes.com,Female,69.120.175.0
434,Bert,Gresham,bgreshamc1@nih.gov,Male,44.91.51.26
435,Webb,Affleck,waffleckc2@t.co,Male,127.107.254.228
436,Devan,Trembley,dtrembleyc3@hatena.ne.jp,Female,171.142.253.62
437,Rockey,Ruegg,rrueggc4@posterous.com,Male,191.0.144.214
438,Jessie,Bootyman,jbootymanc5@illinois.edu,Male,27.71.169.141
439,Jacquelynn,Chrystie,jchrystiec6@bbc.co.uk,Female,123.162.44.222
440,Stephan,Deeming,sdeemingc7@newsvine.com,Male,225.215.111.60
441,Merv,Slowan,mslowanc8@epa.gov,Male,175.178.236.124
442,Blancha,Boner,bbonerc9@archive.org,Female,231.81.92.97
443,Miguel,Fairlem,mfairlemca@squarespace.com,Male,15.149.42.81
444,Twyla,Springthorp,tspringthorpcb@homestead.com,Female,155.161.182.118
445,Axel,Garbett,agarbettcc@auda.org.au,Male,12.222.165.135
446,Lockwood,Kinnett,lkinnettcd@toplist.cz,Male,117.32.205.244
447,Michale,Barbisch,mbarbischce@usnews.com,Male,42.57.38.146
448,Alena,Stribling,astriblingcf@vinaora.com,Female,120.130.50.177
449,Boyce,Melpuss,bmelpusscg@360.cn,Male,6.192.53.117
450,Lazarus,Symcock,lsymcockch@netvibes.com,Male,218.98.157.167
451,Brett,Garrison,bgarrisonci@quantcast.com,Male,151.74.131.103
452,Randie,Tidswell,rtidswellcj@nyu.edu,Male,134.94.166.75
453,Tabatha,Brockelsby,tbrockelsbyck@histats.com,Female,191.106.62.17
454,Nadean,Darey,ndareycl@comcast.net,Female,205.177.145.254
455,Conway,Tideswell,ctideswellcm@aboutads.info,Male,152.138.242.205
456,Michaeline,Rothert,mrothertcn@msu.edu,Female,212.4.47.75
457,Sadie,Woolf,swoolfco@cornell.edu,Female,152.193.76.114
458,Nelli,Eustace,neustacecp@si.edu,Female,30.169.67.104
459,Aleksandr,Bleibaum,ableibaumcq@elpais.com,Male,73.24.181.185
460,Pavlov,Schulkins,pschulkinscr@php.net,Male,225.163.237.123
461,Neale,Robotham,nrobothamcs@aol.com,Male,25.215.100.106
462,Sibyl,Paolicchi,spaolicchict@ezinearticles.com,Female,105.154.25.76
463,Vivienne,Rykert,vrykertcu@illinois.edu,Female,58.250.248.103
464,Cris,Fishlock,cfishlockcv@arstechnica.com,Male,87.241.86.39
465,Lek,Aslam,laslamcw@boston.com,Male,50.32.155.117
466,Paulie,Maffezzoli,pmaffezzolicx@unblog.fr,Male,25.241.194.105
467,Frank,Holborn,fholborncy@ovh.net,Male,1.175.41.7
468,Kendricks,Davidsen,kdavidsencz@chron.com,Male,109.127.116.102
469,Joannes,Kerslake,jkerslaked0@webnode.com,Female,252.255.65.113
470,Sabrina,O' Reagan,soreagand1@sogou.com,Female,223.216.140.201
471,Layla,Capewell,lcapewelld2@aboutads.info,Female,200.207.222.221
472,Dona,Schuricke,dschuricked3@istockphoto.com,Female,1.23.235.180
473,Theresita,Baggally,tbaggallyd4@nba.com,Female,148.253.0.44
474,Wyatt,Dufer,wduferd5@vk.com,Male,47.158.168.65
475,Gerta,Knath,gknathd6@google.pl,Female,104.114.173.134
476,Dario,Charity,dcharityd7@bravesites.com,Male,143.203.59.158
477,Nicolina,Loutheane,nloutheaned8@usda.gov,Female,114.46.107.136
478,Audi,Steart,asteartd9@discuz.net,Female,6.204.129.166
479,Danna,Highman,dhighmanda@google.com,Female,99.192.204.237
480,Vi,Wigglesworth,vwigglesworthdb@biblegateway.com,Female,174.196.141.188
481,Robinson,Pinniger,rpinnigerdc@statcounter.com,Male,233.189.119.31
482,Estrellita,Finlater,efinlaterdd@chronoengine.com,Female,241.120.31.64
483,Gib,Semaine,gsemainede@wsj.com,Male,229.250.110.213
484,Brendin,McTurley,bmcturleydf@cdbaby.com,Male,185.216.136.253
485,Penn,Calley,pcalleydg@wikia.com,Male,213.139.56.187
486,Donall,Knibley,dknibleydh@aboutads.info,Male,160.200.149.163
487,Aline,Bottrill,abottrilldi@pinterest.com,Female,6.55.17.137
488,Bria,Boother,bbootherdj@zdnet.com,Female,159.216.215.255
489,Cecilius,Probets,cprobetsdk@facebook.com,Male,76.33.164.173
490,Darbie,Teaze,dteazedl@gizmodo.com,Female,121.68.107.6
491,Clara,Bunstone,cbunstonedm@reddit.com,Female,74.81.158.175
492,Moses,Ronaghan,mronaghandn@blog.com,Male,228.138.51.103
493,Elmo,Presidey,epresideydo@nps.gov,Male,241.25.247.190
494,Maggi,Fennessy,mfennessydp@mac.com,Female,152.91.76.177
495,Reinold,Tidbold,rtidbolddq@barnesandnoble.com,Male,183.231.185.124
496,Gretal,Hanham,ghanhamdr@ibm.com,Female,131.254.190.234
497,Paolo,Sandison,psandisonds@diigo.com,Male,186.211.142.85
498,Perri,Coie,pcoiedt@spotify.com,Female,107.73.57.118
499,Sidney,Seers,sseersdu@globo.com,Male,73.0.17.72
500,Nilson,Crown,ncrowndv@geocities.jp,Male,34.57.43.165
501,Salomo,Cheatle,scheatledw@tinyurl.com,Male,56.68.138.108
502,Ewen,Inderwick,einderwickdx@arstechnica.com,Male,61.211.70.121
503,Melisa,Mounch,mmounchdy@about.me,Female,85.172.128.2
504,Enrico,Fawloe,efawloedz@sciencedirect.com,Male,75.60.108.27
505,Lindi,Margach,lmargache0@blogger.com,Female,181.151.230.161
506,Ailey,Belf,abelfe1@archive.org,Female,153.49.245.21
507,Clementine,Ancell,cancelle2@forbes.com,Female,200.219.233.17
508,Tobiah,Low,tlowe3@gmpg.org,Male,12.120.229.23
509,Ardelle,Lorence,alorencee4@senate.gov,Female,215.194.128.0
510,Benson,Gent,bgente5@telegraph.co.uk,Male,111.219.77.53
511,Judith,Hamson,jhamsone6@ucla.edu,Female,32.173.234.165
512,Daron,McRinn,dmcrinne7@theatlantic.com,Male,222.209.117.132
513,Jo ann,Ovey,joveye8@myspace.com,Female,17.201.183.92
514,Vitoria,Sawell,vsawelle9@sun.com,Female,11.249.95.70
515,Hurlee,Turvie,hturvieea@list-manage.com,Male,224.135.164.115
516,Braden,Scoular,bscoulareb@arizona.edu,Male,90.38.150.93
517,Kati,Silvers,ksilversec@networksolutions.com,Female,214.253.118.0
518,Amata,Daton,adatoned@baidu.com,Female,120.81.146.144
519,Fritz,Mcettrick,fmcettrickee@unicef.org,Male,112.78.62.248
520,Dag,Blasio,dblasioef@netscape.com,Male,15.139.205.226
521,Annamarie,Battrum,abattrumeg@utexas.edu,Female,229.206.236.118
522,Lorene,Earles,learleseh@hatena.ne.jp,Female,114.168.153.224
523,Maire,Fleg,mflegei@mozilla.org,Female,160.157.124.52
524,Chuck,Lalor,clalorej@earthlink.net,Male,119.132.126.203
525,Jeri,Hallet,jhalletek@usa.gov,Female,169.136.151.87
526,Amitie,Bolderson,aboldersonel@gizmodo.com,Female,162.53.182.243
527,Melba,Grinley,mgrinleyem@i2i.jp,Female,41.85.74.98
528,Keith,Shilvock,kshilvocken@diigo.com,Male,184.108.33.228
529,Fernando,Crothers,fcrotherseo@icio.us,Male,120.163.168.175
530,Roobbie,Howsden,rhowsdenep@ted.com,Female,145.217.194.113
531,Renee,Southway,rsouthwayeq@scribd.com,Female,183.175.132.22
532,Rabbi,Colbron,rcolbroner@webeden.co.uk,Male,162.32.49.14
533,Madel,Kalkhoven,mkalkhovenes@rambler.ru,Female,130.128.249.60
534,Pepito,Kohen,pkohenet@bloglovin.com,Male,183.168.163.226
535,Adan,Stolle,astolleeu@pcworld.com,Male,128.162.139.68
536,Murdoch,Posthill,mposthillev@friendfeed.com,Male,42.152.169.60
537,Gregor,Warr,gwarrew@jugem.jp,Male,10.173.246.63
538,Gaylor,Buttler,gbuttlerex@sina.com.cn,Male,235.157.93.192
539,Eadie,Kellogg,ekelloggey@tumblr.com,Female,125.106.123.118
540,Pancho,Dodworth,pdodworthez@yale.edu,Male,42.198.51.109
541,Diann,Christer,dchristerf0@usatoday.com,Female,14.114.2.13
542,Tildi,Matuszyk,tmatuszykf1@engadget.com,Female,254.197.19.211
543,Rube,Crohan,rcrohanf2@amazon.co.jp,Male,202.251.58.123
544,Flossy,Jakes,fjakesf3@ucoz.com,Female,3.156.179.200
545,Westleigh,Grabeham,wgrabehamf4@indiegogo.com,Male,101.180.131.195
546,Ulla,Lagadu,ulagaduf5@upenn.edu,Female,150.98.105.7
547,Joanna,Alasdair,jalasdairf6@fda.gov,Female,90.130.12.232
548,Roby,Jennick,rjennickf7@clickbank.net,Female,161.171.80.245
549,Engracia,Smitton,esmittonf8@google.com,Female,134.55.52.63
550,Anallese,Scimoni,ascimonif9@wunderground.com,Female,200.79.89.120
551,Lorin,Simonetti,lsimonettifa@arstechnica.com,Male,26.156.225.43
552,Colleen,Trippick,ctrippickfb@mysql.com,Female,117.169.79.103
553,Marion,Bulcock,mbulcockfc@cbslocal.com,Female,177.112.99.242
554,Todd,Bartoleyn,tbartoleynfd@flavors.me,Male,169.235.79.68
555,Cordey,Lawling,clawlingfe@flickr.com,Female,226.153.191.110
556,Maxwell,Innerstone,minnerstoneff@com.com,Male,173.76.123.234
557,Ode,Wheeliker,owheelikerfg@theatlantic.com,Male,31.255.115.247
558,Kimberley,Benezeit,kbenezeitfh@netvibes.com,Female,253.253.170.74
559,Fairlie,Falshaw,ffalshawfi@sakura.ne.jp,Male,79.40.177.5
560,Iolande,McCaig,imccaigfj@sbwire.com,Female,228.116.37.49
561,Chrotoem,Possek,cpossekfk@jiathis.com,Male,115.72.39.246
562,Ber,Greenleaf,bgreenleaffl@un.org,Male,106.146.179.248
563,Decca,Adamec,dadamecfm@exblog.jp,Male,128.14.128.229
564,Trescha,MacCartney,tmaccartneyfn@shareasale.com,Female,29.195.185.107
565,Christophorus,Stollenbeck,cstollenbeckfo@amazon.co.uk,Male,179.54.56.114
566,Barty,Fritzer,bfritzerfp@java.com,Male,147.7.166.241
567,Ilario,Pickaver,ipickaverfq@dell.com,Male,150.160.4.158
568,Kendre,Tille,ktillefr@tuttocitta.it,Female,2.70.240.5
569,Lauritz,Yelyashev,lyelyashevfs@mozilla.org,Male,18.223.157.239
570,Winfield,Wiper,wwiperft@intel.com,Male,124.187.128.216
571,Cristin,Vockins,cvockinsfu@hostgator.com,Female,6.115.181.234
572,Bethena,Wield,bwieldfv@spotify.com,Female,121.100.185.66
573,Terence,Hall-Gough,thallgoughfw@fema.gov,Male,77.77.8.255
574,Jae,Gleed,jgleedfx@arizona.edu,Male,239.123.204.216
575,Palmer,Geeraert,pgeeraertfy@cocolog-nifty.com,Male,16.108.134.246
576,Delmor,Ubanks,dubanksfz@miitbeian.gov.cn,Male,122.172.120.163
577,Merry,Harnwell,mharnwellg0@guardian.co.uk,Female,255.78.65.163
578,Marie,Presley,mpresleyg1@mlb.com,Female,162.172.115.84
579,Murielle,Itzkovsky,mitzkovskyg2@dot.gov,Female,44.137.9.10
580,Eugenius,Rawdales,erawdalesg3@facebook.com,Male,220.230.138.176
581,Kylen,Lunk,klunkg4@indiegogo.com,Female,38.103.103.45
582,Carr,Wooldridge,cwooldridgeg5@ftc.gov,Male,185.55.156.235
583,Bendick,Farrier,bfarrierg6@irs.gov,Male,246.207.137.116
584,Jacquelin,Edlestone,jedlestoneg7@csmonitor.com,Female,211.43.132.46
585,Bard,Guilloneau,bguilloneaug8@printfriendly.com,Male,236.243.38.38
586,Tan,Brimelow,tbrimelowg9@merriam-webster.com,Male,81.170.136.29
587,Nertie,Le Leu,nleleuga@xrea.com,Female,30.62.101.174
588,Audie,Simonaitis,asimonaitisgb@hp.com,Female,160.149.120.91
589,Danyelle,Edelston,dedelstongc@gmpg.org,Female,132.147.202.127
590,Juliana,Newbury,jnewburygd@google.it,Female,149.36.126.122
591,Jaymee,Chantree,jchantreege@mtv.com,Female,41.31.113.142
592,Kennett,Sammons,ksammonsgf@squarespace.com,Male,238.74.146.45
593,Barron,Roomes,broomesgg@bbc.co.uk,Male,16.197.208.114
594,Herman,Couronne,hcouronnegh@sciencedaily.com,Male,43.97.110.94
595,Ive,Markwelley,imarkwelleygi@reddit.com,Male,194.34.246.181
596,Torr,Wolford,twolfordgj@spiegel.de,Male,206.46.36.227
597,Cirillo,Pape,cpapegk@java.com,Male,128.253.234.86
598,Mignon,Switland,mswitlandgl@reddit.com,Female,255.158.78.249
599,Noelani,Guile,nguilegm@t.co,Female,7.149.188.138
600,Lucho,Pawlaczyk,lpawlaczykgn@github.io,Male,86.7.86.21
601,Royal,Mawne,rmawnego@51.la,Male,229.121.121.18
602,Urbano,Keene,ukeenegp@microsoft.com,Male,64.2.108.69
603,Emmye,Joddens,ejoddensgq@wired.com,Female,223.111.55.155
604,Bealle,Jillions,bjillionsgr@yale.edu,Male,38.39.172.69
605,Sonja,Eyam,seyamgs@odnoklassniki.ru,Female,120.24.72.126
606,Fax,Threadgall,fthreadgallgt@parallels.com,Male,244.186.201.139
607,Archibald,Sammut,asammutgu@intel.com,Male,38.48.116.24
608,Sherm,Hymers,shymersgv@stumbleupon.com,Male,85.20.160.112
609,Cassandre,Hush,chushgw@home.pl,Female,159.212.138.121
610,Giorgio,Stacy,gstacygx@hc360.com,Male,163.167.177.161
611,Vale,Orwell,vorwellgy@whitehouse.gov,Female,95.182.96.62
612,Mil,Idenden,midendengz@goodreads.com,Female,240.26.70.243
613,Kati,Burkinshaw,kburkinshawh0@samsung.com,Female,183.192.206.88
614,Lombard,Kisbee,lkisbeeh1@storify.com,Male,8.202.255.94
615,Mabel,Pirot,mpiroth2@wiley.com,Female,131.173.243.129
616,Taddeo,Riceards,triceardsh3@feedburner.com,Male,247.243.94.186
617,Loretta,Joska,ljoskah4@so-net.ne.jp,Female,241.252.95.120
618,Sloan,Kienl,skienlh5@wikia.com,Male,236.240.88.124
619,Aurore,Radnedge,aradnedgeh6@google.pl,Female,190.190.87.97
620,Brendin,MacGillreich,bmacgillreichh7@goodreads.com,Male,22.27.196.225
621,Loren,Huffa,lhuffah8@sfgate.com,Female,252.26.42.163
622,Fidelia,Bockin,fbockinh9@newyorker.com,Female,163.160.180.212
623,Carmelina,Eckly,cecklyha@ow.ly,Female,16.222.206.104
624,Carmina,Milmore,cmilmorehb@hc360.com,Female,59.44.219.26
625,Isabella,Maddox,imaddoxhc@netvibes.com,Female,80.222.86.101
626,Yoshi,O'Carran,yocarranhd@typepad.com,Female,233.174.37.63
627,Kent,Thripp,kthripphe@google.com.hk,Male,22.63.230.68
628,Avrom,Fellgett,afellgetthf@vistaprint.com,Male,203.41.50.63
629,Emmerich,Conan,econanhg@loc.gov,Male,61.140.62.77
630,Sam,Reaman,sreamanhh@tumblr.com,Female,14.97.143.179
631,Law,Hallede,lhalledehi@myspace.com,Male,35.212.223.106
632,Bo,Meharry,bmeharryhj@google.fr,Male,48.149.30.136
633,Kerry,Whittlesea,kwhittleseahk@boston.com,Female,193.2.220.67
634,Joyan,Mazin,jmazinhl@odnoklassniki.ru,Female,178.14.191.11
635,Rae,Cull,rcullhm@gnu.org,Female,56.231.124.31
636,Jethro,Feldhuhn,jfeldhuhnhn@salon.com,Male,81.51.239.238
637,Rozanne,Lynn,rlynnho@purevolume.com,Female,105.73.181.200
638,Benjie,Maith,bmaithhp@abc.net.au,Male,116.154.12.136
639,Obadias,Cotta,ocottahq@surveymonkey.com,Male,80.184.78.141
640,Roderigo,Mixworthy,rmixworthyhr@multiply.com,Male,0.201.65.222
641,Marjy,Perceval,mpercevalhs@npr.org,Female,115.8.8.169
642,Row,Treslove,rtresloveht@123-reg.co.uk,Female,31.103.174.248
643,Bertie,Haddleton,bhaddletonhu@angelfire.com,Female,123.254.50.41
644,Nadiya,Baulch,nbaulchhv@soup.io,Female,115.66.191.139
645,Sophia,Dod,sdodhw@gnu.org,Female,206.33.120.242
646,Idette,Zanutti,izanuttihx@imdb.com,Female,58.228.222.189
647,Augustine,Gaddie,agaddiehy@msu.edu,Male,104.77.27.164
648,Darby,O'Breen,dobreenhz@indiegogo.com,Male,60.73.62.219
649,Rafaellle,Paquet,rpaqueti0@google.co.uk,Male,82.246.209.104
650,Doloritas,Polet,dpoleti1@histats.com,Female,54.70.174.33
651,Alric,Gandey,agandeyi2@vimeo.com,Male,143.199.254.43
652,Allin,Dummigan,adummigani3@earthlink.net,Male,196.191.42.183
653,Toinette,Walklott,twalklotti4@auda.org.au,Female,150.180.219.58
654,Christine,Sloat,csloati5@rakuten.co.jp,Female,134.13.29.85
655,Emogene,Waterworth,ewaterworthi6@mayoclinic.com,Female,120.128.157.175
656,Simonne,Rabat,srabati7@fastcompany.com,Female,234.213.248.6
657,Matelda,Tonner,mtonneri8@g.co,Female,154.11.77.100
658,Guss,Benzie,gbenziei9@scientificamerican.com,Male,142.25.47.24
659,Melisenda,Pilipets,mpilipetsia@meetup.com,Female,169.135.63.101
660,Florenza,oldey,foldeyib@wired.com,Female,41.97.211.3
661,Merissa,Kleine,mkleineic@shutterfly.com,Female,173.144.135.115
662,Friedrich,Morrison,fmorrisonid@amazon.de,Male,56.228.210.167
663,Marcie,Braddick,mbraddickie@skyrock.com,Female,242.174.55.29
664,Louise,Kubiczek,lkubiczekif@miitbeian.gov.cn,Female,230.236.255.141
665,Fonz,Chalcroft,fchalcroftig@unicef.org,Male,228.195.130.167
666,Kass,Bage,kbageih@technorati.com,Female,164.21.13.250
667,Cindelyn,Grzegorecki,cgrzegoreckiii@bandcamp.com,Female,60.58.156.187
668,Cordelia,Cheales,cchealesij@github.com,Female,241.126.178.69
669,Leticia,Robker,lrobkerik@jimdo.com,Female,143.231.74.41
670,Korey,Ramm,krammil@myspace.com,Male,31.62.100.173
671,Allx,Norrey,anorreyim@businessweek.com,Female,118.243.34.226
672,Kelwin,Phillimore,kphillimorein@geocities.com,Male,193.167.200.71
673,Anne,Mellish,amellishio@amazon.co.uk,Female,149.159.91.210
674,Thor,MacConneely,tmacconneelyip@privacy.gov.au,Male,29.243.83.129
675,Arluene,Willeson,awillesoniq@e-recht24.de,Female,188.209.29.72
676,Leicester,McManamon,lmcmanamonir@bbc.co.uk,Male,37.81.121.81
677,Jami,Dodimead,jdodimeadis@msu.edu,Female,80.166.62.204
678,Martino,Bredgeland,mbredgelandit@state.gov,Male,66.51.151.28
679,Kevina,Holtum,kholtumiu@elegantthemes.com,Female,168.68.27.235
680,Lita,Dilon,ldiloniv@weibo.com,Female,193.7.23.147
681,Marie-jeanne,Kleingrub,mkleingrubiw@accuweather.com,Female,239.213.78.163
682,Ailee,Stooders,astoodersix@hud.gov,Female,174.102.171.215
683,Ernst,Nevitt,enevittiy@unc.edu,Male,76.169.182.110
684,Rodie,Orteau,rorteauiz@woothemes.com,Female,61.138.66.212
685,Guglielma,Prydden,gpryddenj0@furl.net,Female,94.181.133.72
686,Dennie,Maloney,dmaloneyj1@technorati.com,Male,38.129.58.41
687,Dougy,Boddis,dboddisj2@1und1.de,Male,152.36.225.0
688,Liam,McNabb,lmcnabbj3@wp.com,Male,123.76.58.137
689,Janel,Basnett,jbasnettj4@youtu.be,Female,161.108.99.198
690,Norean,Enrdigo,nenrdigoj5@yellowpages.com,Female,180.158.172.227
691,Giorgia,Bafford,gbaffordj6@usda.gov,Female,202.156.13.208
692,Sibylle,Champkin,schampkinj7@google.co.jp,Female,136.196.182.131
693,Currie,Jockle,cjocklej8@e-recht24.de,Male,211.86.244.206
694,Korey,Gaspero,kgasperoj9@twitter.com,Male,12.166.138.64
695,Tommi,Clow,tclowja@answers.com,Female,47.179.0.15
696,Garek,Heenan,gheenanjb@pen.io,Male,171.43.6.188
697,Clareta,Tembridge,ctembridgejc@state.gov,Female,180.62.60.182
698,Matthieu,Rambaut,mrambautjd@naver.com,Male,71.43.188.58
699,Matty,Oakes,moakesje@domainmarket.com,Female,174.175.195.154
700,Diane,Watts,dwattsjf@intel.com,Female,33.242.123.119
701,Carlen,Reide,creidejg@cdc.gov,Female,114.4.96.77
702,Matias,Laird-Craig,mlairdcraigjh@wikimedia.org,Male,109.90.101.29
703,Breena,Pont,bpontji@prnewswire.com,Female,216.235.21.228
704,Dave,Demicoli,ddemicolijj@cnbc.com,Male,16.191.79.173
705,Glennis,Krishtopaittis,gkrishtopaittisjk@google.co.jp,Female,208.253.66.106
706,Earle,Roffey,eroffeyjl@examiner.com,Male,226.236.16.144
707,Merilyn,Andell,mandelljm@google.co.jp,Female,135.216.226.182
708,Kennan,Carrell,kcarrelljn@ca.gov,Male,216.190.26.243
709,Elbertine,Willwood,ewillwoodjo@storify.com,Female,155.127.71.128
710,Doroteya,Niemiec,dniemiecjp@whitehouse.gov,Female,42.207.9.36
711,Drake,Doyland,ddoylandjq@dion.ne.jp,Male,1.30.136.27
712,Carlynne,Pargetter,cpargetterjr@ibm.com,Female,112.106.213.10
713,Filberte,Ferrer,fferrerjs@irs.gov,Male,164.242.214.123
714,Mikol,Rioch,mriochjt@unc.edu,Male,180.44.107.9
715,Farlie,Sprasen,fsprasenju@un.org,Male,167.93.117.64
716,Querida,Perigoe,qperigoejv@webnode.com,Female,213.118.148.252
717,Alexandr,Haggata,ahaggatajw@nydailynews.com,Male,202.40.98.191
718,Gawain,Innott,ginnottjx@hud.gov,Male,35.43.104.130
719,Millicent,Evershed,mevershedjy@bigcartel.com,Female,123.217.83.189
720,Huntington,Niccols,hniccolsjz@oracle.com,Male,44.98.161.121
721,Jay,Trammel,jtrammelk0@twitpic.com,Male,62.234.118.216
722,Raffaello,Engledow,rengledowk1@go.com,Male,199.92.34.33
723,Nickie,Cosely,ncoselyk2@biglobe.ne.jp,Male,226.253.207.90
724,Algernon,Roof,aroofk3@pbs.org,Male,135.185.166.122
725,Chase,Clausius,cclausiusk4@salon.com,Male,147.187.180.93
726,Patrice,Freezer,pfreezerk5@w3.org,Male,198.137.116.151
727,Lawton,Boow,lboowk6@prweb.com,Male,85.124.81.172
728,Huey,Hursthouse,hhursthousek7@blogger.com,Male,60.19.80.0
729,Byron,Southby,bsouthbyk8@cpanel.net,Male,230.186.224.112
730,Ransom,Rennock,rrennockk9@utexas.edu,Male,123.128.115.74
731,Virginia,Brooksbank,vbrooksbankka@cbsnews.com,Female,208.18.195.120
732,Waldo,Lattey,wlatteykb@ifeng.com,Male,91.169.39.158
733,Neal,Keys,nkeyskc@amazon.co.jp,Male,157.254.176.129
734,Sonnie,Ryal,sryalkd@unesco.org,Female,128.195.99.12
735,Cornelia,Mackerness,cmackernesske@hubpages.com,Female,191.151.219.86
736,Bordie,Desesquelle,bdesesquellekf@ucoz.ru,Male,211.173.96.82
737,Mordecai,Lightwood,mlightwoodkg@weibo.com,Male,195.80.41.254
738,Branden,Rippon,bripponkh@discuz.net,Male,154.97.4.133
739,Wolfie,Dillet,wdilletki@nsw.gov.au,Male,232.55.59.180
740,Donella,Jagson,djagsonkj@answers.com,Female,169.229.223.165
741,Fiorenze,Mashro,fmashrokk@cnet.com,Female,21.33.224.23
742,Weber,McCroary,wmccroarykl@thetimes.co.uk,Male,187.212.103.44
743,Talbert,Bolduc,tbolduckm@studiopress.com,Male,91.16.223.86
744,Janaye,Zorn,jzornkn@indiegogo.com,Female,17.232.5.12
745,Ransell,Vernham,rvernhamko@scribd.com,Male,69.53.93.53
746,Rodolph,O' Hogan,rohogankp@samsung.com,Male,38.241.231.117
747,Jeffrey,Dutton,jduttonkq@oakley.com,Male,167.98.248.192
748,Denni,Irving,dirvingkr@apple.com,Female,112.40.241.136
749,Deck,Goor,dgoorks@unesco.org,Male,155.176.115.144
750,Essy,Arni,earnikt@ucoz.com,Female,204.95.121.152
751,Odey,Stanborough,ostanboroughku@sfgate.com,Male,76.78.237.242
752,Eldin,Knightsbridge,eknightsbridgekv@bbb.org,Male,12.148.170.199
753,Massimiliano,Blaske,mblaskekw@hostgator.com,Male,198.70.196.113
754,Collette,Vidyapin,cvidyapinkx@moonfruit.com,Female,248.244.28.163
755,Merill,Ardy,mardyky@sourceforge.net,Male,34.211.235.192
756,Madalyn,Dole,mdolekz@biblegateway.com,Female,138.134.127.34
757,Xavier,Gomby,xgombyl0@ibm.com,Male,235.123.65.148
758,Adey,Soldan,asoldanl1@apache.org,Female,167.209.116.250
759,Jody,Chiplen,jchiplenl2@pinterest.com,Female,187.227.246.32
760,Templeton,Goman,tgomanl3@gmpg.org,Male,1.86.46.29
761,Vera,Dannell,vdannelll4@omniture.com,Female,180.99.251.209
762,Malcolm,Botte,mbottel5@ihg.com,Male,178.149.137.175
763,Esme,Phoenix,ephoenixl6@gnu.org,Female,43.200.202.79
764,Emile,Lowth,elowthl7@cocolog-nifty.com,Male,181.189.250.19
765,Giovanna,Morratt,gmorrattl8@networkadvertising.org,Female,15.113.160.101
766,Loraine,Del Monte,ldelmontel9@princeton.edu,Female,42.198.46.159
767,Rheba,Kalberer,rkalbererla@stumbleupon.com,Female,99.144.190.89
768,Jorey,Rosbotham,jrosbothamlb@cpanel.net,Female,241.150.90.63
769,Reade,Game,rgamelc@unesco.org,Male,161.6.68.1
770,Marcellina,Cutchee,mcutcheeld@theatlantic.com,Female,77.90.77.135
771,Shem,Jewis,sjewisle@noaa.gov,Male,110.120.137.210
772,Leopold,Pollen,lpollenlf@github.io,Male,185.100.2.119
773,Pincus,Hylden,phyldenlg@dailymotion.com,Male,159.175.224.116
774,Jo,Wimsett,jwimsettlh@edublogs.org,Male,162.69.132.194
775,Leeland,Sitch,lsitchli@google.cn,Male,145.27.71.90
776,Margette,Itzcovich,mitzcovichlj@imdb.com,Female,163.22.34.88
777,Horatio,Connolly,hconnollylk@yellowpages.com,Male,38.56.58.114
778,Vernor,Novotna,vnovotnall@wsj.com,Male,149.192.157.52
779,Zuzana,Ianitti,zianittilm@bbb.org,Female,87.24.220.107
780,Flin,Stukings,fstukingsln@marriott.com,Male,117.164.52.163
781,Adorne,Purkess,apurkesslo@diigo.com,Female,118.107.36.27
782,Pris,Bonnar,pbonnarlp@wp.com,Female,36.57.98.143
783,Gretta,Troctor,gtroctorlq@networkadvertising.org,Female,161.211.126.71
784,Ly,Toomey,ltoomeylr@unesco.org,Male,83.149.91.71
785,Kristoforo,Gason,kgasonls@skype.com,Male,213.127.183.241
786,Aridatha,L'argent,alargentlt@360.cn,Female,250.135.180.192
787,Ingaberg,Chedgey,ichedgeylu@ucoz.ru,Female,217.104.249.65
788,Helsa,Adamides,hadamideslv@army.mil,Female,38.52.179.33
789,Lavinie,Chidzoy,lchidzoylw@earthlink.net,Female,185.18.224.37
790,Barn,Carnoghan,bcarnoghanlx@taobao.com,Male,233.188.29.168
791,Winston,Knappitt,wknappittly@salon.com,Male,132.241.20.210
792,Ode,Blincoe,oblincoelz@squarespace.com,Male,238.133.188.118
793,Zacherie,Hagland,zhaglandm0@narod.ru,Male,16.15.193.226
794,Garvy,Saunier,gsaunierm1@mail.ru,Male,36.154.147.28
795,Morgen,Siemons,msiemonsm2@ustream.tv,Male,55.118.110.72
796,Sax,Kiernan,skiernanm3@so-net.ne.jp,Male,111.15.38.206
797,Royal,Smullin,rsmullinm4@toplist.cz,Male,61.133.0.138
798,Parry,Asaaf,pasaafm5@domainmarket.com,Male,47.21.136.12
799,Skyler,McFarlane,smcfarlanem6@unc.edu,Male,25.254.79.21
800,Matty,Brownsill,mbrownsillm7@statcounter.com,Female,126.214.31.225
801,Tamqrah,Ridley,tridleym8@eepurl.com,Female,103.178.157.255
802,Mina,Kitchingman,mkitchingmanm9@washingtonpost.com,Female,98.190.88.227
803,Kirstyn,Dowman,kdowmanma@about.com,Female,13.190.25.109
804,Tarrance,Ballaam,tballaammb@jiathis.com,Male,137.141.239.162
805,Gretel,Bompass,gbompassmc@discovery.com,Female,22.112.115.141
806,Ganny,Turbern,gturbernmd@examiner.com,Male,84.89.171.32
807,Ambrosius,Danson,adansonme@51.la,Male,232.70.42.61
808,Normand,Joll,njollmf@cafepress.com,Male,50.36.20.211
809,Marc,Charlesworth,mcharlesworthmg@indiegogo.com,Male,41.162.120.163
810,Silvan,Schouthede,sschouthedemh@shutterfly.com,Male,97.61.123.246
811,Duncan,Sansome,dsansomemi@google.com,Male,87.72.122.171
812,Arlen,Kubelka,akubelkamj@rambler.ru,Female,112.125.18.131
813,Elva,Avey,eaveymk@barnesandnoble.com,Female,74.117.30.140
814,Micaela,McCurt,mmccurtml@reverbnation.com,Female,188.226.131.110
815,Laurie,Hambrook,lhambrookmm@domainmarket.com,Female,114.227.32.10
816,Rodge,Pietzker,rpietzkermn@berkeley.edu,Male,36.143.216.213
817,Emily,Phelipeaux,ephelipeauxmo@bbc.co.uk,Female,185.121.51.88
818,Vladamir,Titterrell,vtitterrellmp@ucsd.edu,Male,19.215.85.175
819,Foster,Benedek,fbenedekmq@who.int,Male,134.126.224.250
820,Gerladina,Hise,ghisemr@people.com.cn,Female,180.107.177.245
821,Leonidas,Lothlorien,llothlorienms@miitbeian.gov.cn,Male,233.231.252.123
822,Effie,Dicke,edickemt@t-online.de,Female,238.229.6.141
823,Cherri,Silmon,csilmonmu@smugmug.com,Female,132.139.177.133
824,Kincaid,Screach,kscreachmv@flavors.me,Male,225.220.237.63
825,Skell,MacDearmid,smacdearmidmw@senate.gov,Male,100.117.11.139
826,Colin,Shugg,cshuggmx@wiley.com,Male,245.116.145.10
827,Gerek,Beller,gbellermy@ocn.ne.jp,Male,200.51.50.105
828,Garry,Kermit,gkermitmz@huffingtonpost.com,Male,47.10.150.63
829,Hannie,Ronchetti,hronchettin0@wp.com,Female,116.20.35.98
830,Daryn,Le Barre,dlebarren1@amazonaws.com,Female,65.127.136.174
831,Misti,Andreoletti,mandreolettin2@ovh.net,Female,106.223.183.75
832,Lynnea,Cicculini,lcicculinin3@infoseek.co.jp,Female,7.215.165.55
833,Boyce,Budden,bbuddenn4@bloglines.com,Male,11.226.234.229
834,Hewitt,Daly,hdalyn5@independent.co.uk,Male,149.232.191.253
835,Melina,Gaitone,mgaitonen6@unblog.fr,Female,17.131.139.195
836,Berni,Stirton,bstirtonn7@sun.com,Female,150.32.213.4
837,Dukey,Redington,dredingtonn8@phpbb.com,Male,154.78.159.104
838,Cross,Trittam,ctrittamn9@merriam-webster.com,Male,56.26.92.225
839,Flss,Gavozzi,fgavozzina@amazon.co.jp,Female,89.24.10.162
840,Licha,Chatten,lchattennb@goo.ne.jp,Female,147.7.82.110
841,Curr,Morillas,cmorillasnc@youku.com,Male,100.154.182.176
842,Ody,Inde,oindend@t-online.de,Male,201.96.136.80
843,Carmine,Nerger,cnergerne@netvibes.com,Female,81.105.253.27
844,Beltran,Trengrouse,btrengrousenf@oakley.com,Male,81.122.208.193
845,Cornelius,Weins,cweinsng@is.gd,Male,61.179.23.70
846,Goldie,Martinie,gmartinienh@howstuffworks.com,Female,125.172.75.82
847,Daryl,Wallwork,dwallworkni@multiply.com,Female,100.9.181.22
848,Cassaundra,Ortiga,cortiganj@accuweather.com,Female,43.106.124.104
849,Christopher,Hallut,challutnk@behance.net,Male,185.236.228.242
850,Cordula,Dorwood,cdorwoodnl@amazon.com,Female,177.181.253.123
851,Stirling,Astridge,sastridgenm@tripod.com,Male,63.80.253.148
852,Charla,Fazackerley,cfazackerleynn@flavors.me,Female,101.128.93.3
853,Linda,Baldcock,lbaldcockno@acquirethisname.com,Female,198.75.106.177
854,Griffie,Treamayne,gtreamaynenp@wikipedia.org,Male,218.97.193.88
855,Flin,McTerrelly,fmcterrellynq@squidoo.com,Male,16.146.35.140
856,Howey,Libreros,hlibrerosnr@altervista.org,Male,18.119.189.199
857,Alma,Dutteridge,adutteridgens@multiply.com,Female,57.184.40.183
858,Aurilia,Kemell,akemellnt@yellowpages.com,Female,254.199.108.38
859,Liva,Foakes,lfoakesnu@wp.com,Female,170.69.150.12
860,Anatollo,Karmel,akarmelnv@ocn.ne.jp,Male,57.253.47.187
861,Evyn,Finnan,efinnannw@fema.gov,Male,11.164.8.246
862,Orlan,Lebrun,olebrunnx@wsj.com,Male,188.80.194.139
863,Rafaela,Burchess,rburchessny@ebay.com,Female,121.53.73.70
864,Martelle,Autie,mautienz@foxnews.com,Female,234.221.153.93
865,Deb,Brennon,dbrennono0@clickbank.net,Female,188.153.151.101
866,Raff,Baalham,rbaalhamo1@cdc.gov,Male,67.81.239.148
867,Nels,Mourbey,nmourbeyo2@moonfruit.com,Male,238.148.4.193
868,Jaquenetta,Basley,jbasleyo3@google.ca,Female,145.23.12.79
869,Jdavie,Childerhouse,jchilderhouseo4@domainmarket.com,Male,37.108.157.241
870,Eadmund,Coniff,econiffo5@bloglovin.com,Male,17.3.221.176
871,Karlene,Ciobotaro,kciobotaroo6@hao123.com,Female,105.86.20.106
872,Kynthia,Daniaud,kdaniaudo7@nbcnews.com,Female,78.113.217.73
873,Eziechiele,Abramowitz,eabramowitzo8@ibm.com,Male,137.209.91.19
874,Ezra,Curnnok,ecurnnoko9@patch.com,Male,204.150.32.204
875,Zebadiah,Duley,zduleyoa@springer.com,Male,254.244.133.134
876,Pamela,Winchurst,pwinchurstob@nih.gov,Female,254.36.143.47
877,Wendye,Giblin,wgiblinoc@wired.com,Female,88.7.240.43
878,Ardelia,Edgson,aedgsonod@chron.com,Female,51.48.208.45
879,Dale,Laughton,dlaughtonoe@multiply.com,Male,171.253.89.206
880,Raeann,Borthe,rbortheof@cyberchimps.com,Female,20.130.245.9
881,Morrie,Luc,mlucog@alibaba.com,Male,140.210.46.155
882,Lacie,Arger,largeroh@tumblr.com,Female,89.170.205.108
883,Niven,Hesbrook,nhesbrookoi@tamu.edu,Male,100.98.41.9
884,Demetria,Pearman,dpearmanoj@homestead.com,Female,42.128.129.159
885,Noll,Poleykett,npoleykettok@bandcamp.com,Male,148.135.229.219
886,Rufus,Thornber,rthornberol@biblegateway.com,Male,31.78.204.161
887,Harmonia,Giametti,hgiamettiom@wp.com,Female,104.86.83.70
888,Benoit,Corah,bcorahon@apache.org,Male,83.191.120.78
889,Laughton,Stack,lstackoo@mayoclinic.com,Male,111.83.204.112
890,David,Hylden,dhyldenop@furl.net,Male,254.239.214.137
891,Lou,Demicoli,ldemicolioq@geocities.jp,Female,51.9.121.116
892,Lyell,Bauduin,lbauduinor@blogs.com,Male,137.11.233.28
893,Ludovico,Kamena,lkamenaos@gravatar.com,Male,55.117.181.89
894,Madelle,Lean,mleanot@devhub.com,Female,16.203.52.185
895,Anet,Embra,aembraou@hp.com,Female,116.152.7.213
896,Lorens,Fransinelli,lfransinelliov@gravatar.com,Male,250.248.23.106
897,Albert,Burree,aburreeow@mit.edu,Male,168.158.247.11
898,Christi,Vlasyev,cvlasyevox@pbs.org,Female,48.167.125.179
899,Hank,Savatier,hsavatieroy@netvibes.com,Male,231.240.137.139
900,Mellie,Beagen,mbeagenoz@canalblog.com,Female,209.94.211.74
901,Lorry,Wabersich,lwabersichp0@newyorker.com,Male,70.78.244.16
902,Karney,Dunabie,kdunabiep1@paypal.com,Male,151.189.58.44
903,Mischa,Dumini,mduminip2@163.com,Male,207.5.238.208
904,Roscoe,Rantoull,rrantoullp3@over-blog.com,Male,137.184.73.119
905,Kristos,Baldacchi,kbaldacchip4@geocities.com,Male,197.153.24.157
906,Elvin,Gieraths,egierathsp5@ebay.co.uk,Male,242.3.23.85
907,Karia,Febre,kfebrep6@blogtalkradio.com,Female,73.235.180.59
908,Mildred,Geibel,mgeibelp7@ft.com,Female,34.116.131.178
909,Jorgan,Hutchcraft,jhutchcraftp8@simplemachines.org,Male,23.57.107.95
910,Zelig,Burlingham,zburlinghamp9@npr.org,Male,203.110.218.178
911,Darrin,MacGraith,dmacgraithpa@sphinn.com,Male,134.223.65.31
912,Bourke,Cow,bcowpb@wordpress.org,Male,79.217.249.89
913,Tabitha,Lammenga,tlammengapc@bloglovin.com,Female,156.59.65.195
914,Tiertza,January,tjanuarypd@mozilla.com,Female,125.74.34.24
915,Penny,Meco,pmecope@rediff.com,Female,170.113.199.158
916,Inger,Bisset,ibissetpf@sciencedirect.com,Female,128.120.249.231
917,Caria,Girone,cgironepg@loc.gov,Female,216.234.62.154
918,Gilbertine,Sutheran,gsutheranph@posterous.com,Female,212.239.72.121
919,Cassie,Vasenkov,cvasenkovpi@istockphoto.com,Male,203.38.253.70
920,Jacobo,Strond,jstrondpj@google.de,Male,212.181.153.129
921,Maggie,Darwin,mdarwinpk@bluehost.com,Female,148.81.56.241
922,James,Maleck,jmaleckpl@prlog.org,Male,123.233.116.147
923,Torey,Petranek,tpetranekpm@bbc.co.uk,Male,159.110.67.77
924,Ailey,Mecchi,amecchipn@sciencedaily.com,Female,57.188.251.90
925,Teresa,Corsor,tcorsorpo@biglobe.ne.jp,Female,62.94.152.234
926,Lou,Groucock,lgroucockpp@slate.com,Male,250.247.139.141
927,Lars,Molloy,lmolloypq@whitehouse.gov,Male,148.115.117.116
928,Gates,Linny,glinnypr@istockphoto.com,Female,150.88.39.9
929,Jillian,Harvatt,jharvattps@is.gd,Female,252.94.102.101
930,Sergei,Pharro,spharropt@census.gov,Male,111.36.209.169
931,Ketti,Fonso,kfonsopu@addtoany.com,Female,47.204.156.198
932,Pincas,Quimby,pquimbypv@spiegel.de,Male,210.29.156.95
933,Chic,Minear,cminearpw@fema.gov,Male,222.250.10.246
934,Juliann,Goley,jgoleypx@sina.com.cn,Female,128.158.83.209
935,Thorsten,Petyankin,tpetyankinpy@reference.com,Male,147.99.159.35
936,Katha,Womersley,kwomersleypz@bandcamp.com,Female,213.1.239.179
937,Britteny,Klamman,bklammanq0@xrea.com,Female,220.201.247.127
938,Kerwin,Ygo,kygoq1@discuz.net,Male,186.195.14.106
939,Electra,Arrandale,earrandaleq2@state.tx.us,Female,117.151.226.174
940,Justin,Pettyfer,jpettyferq3@vimeo.com,Male,25.205.172.247
941,Greg,Bedlington,gbedlingtonq4@virginia.edu,Male,105.106.245.202
942,Quent,Vischi,qvischiq5@tumblr.com,Male,47.237.99.161
943,Thelma,McNaught,tmcnaughtq6@fastcompany.com,Female,106.132.91.218
944,Allen,Molan,amolanq7@umn.edu,Male,59.182.117.221
945,Lesya,Goley,lgoleyq8@columbia.edu,Female,93.151.83.209
946,Fayina,Almey,falmeyq9@arstechnica.com,Female,165.155.191.191
947,Mathian,Doogue,mdoogueqa@foxnews.com,Male,231.93.157.89
948,Trixie,Iron,tironqb@google.it,Female,80.247.93.48
949,Lacey,Heaseman,lheasemanqc@dell.com,Female,138.175.35.249
950,Paolo,Juste,pjusteqd@liveinternet.ru,Male,147.233.239.103
951,Bernie,Andresser,bandresserqe@oracle.com,Female,200.2.88.8
952,Bond,Josselson,bjosselsonqf@answers.com,Male,253.247.175.6
953,Tessie,Mardee,tmardeeqg@google.cn,Female,147.18.136.171
954,Ludwig,Ebunoluwa,lebunoluwaqh@reverbnation.com,Male,39.134.61.82
955,Pascale,Tacker,ptackerqi@mit.edu,Male,38.136.38.31
956,Elsie,Kiddye,ekiddyeqj@trellian.com,Female,32.59.195.37
957,Prissie,Krimmer,pkrimmerqk@ning.com,Female,30.233.213.139
958,Alphonso,Byard,abyardql@dmoz.org,Male,246.165.236.247
959,Munmro,Smelley,msmelleyqm@columbia.edu,Male,81.83.111.85
960,Gayel,Buttress,gbuttressqn@aboutads.info,Female,34.248.211.250
961,Buiron,Casado,bcasadoqo@businesswire.com,Male,49.115.250.108
962,Perl,Iacovuzzi,piacovuzziqp@shinystat.com,Female,179.150.175.4
963,Donni,Filby,dfilbyqq@harvard.edu,Female,162.177.70.118
964,Vidovic,Chese,vcheseqr@tuttocitta.it,Male,1.180.140.68
965,Barbaraanne,Finden,bfindenqs@ihg.com,Female,32.145.221.4
966,Cortie,Vasilyev,cvasilyevqt@geocities.com,Male,238.195.79.141
967,Ellery,Skarr,eskarrqu@theglobeandmail.com,Male,150.198.244.181
968,Ainslee,Hallworth,ahallworthqv@geocities.com,Female,118.28.144.216
969,Rochell,Prosek,rprosekqw@statcounter.com,Female,165.57.160.65
970,Land,Anan,lananqx@zimbio.com,Male,53.217.23.33
971,Ezechiel,Thebe,ethebeqy@answers.com,Male,238.188.202.99
972,Olav,Ferrarotti,oferrarottiqz@bloglovin.com,Male,10.194.110.6
973,Keelia,Leitche,kleitcher0@ucla.edu,Female,67.33.59.189
974,Lawton,Danelut,ldanelutr1@google.pl,Male,187.56.36.39
975,Reid,Chown,rchownr2@whitehouse.gov,Male,219.105.120.203
976,Austina,Sacco,asaccor3@alibaba.com,Female,53.109.31.123
977,Oralee,Koppes,okoppesr4@is.gd,Female,8.225.68.110
978,Ephraim,Siviour,esiviourr5@icq.com,Male,18.235.208.109
979,Goraud,Von Oertzen,gvonoertzenr6@ocn.ne.jp,Male,28.183.104.22
980,Anthea,Tierny,atiernyr7@wired.com,Female,150.58.108.235
981,Maudie,Betser,mbetserr8@github.io,Female,243.138.84.224
982,Cicely,Stirman,cstirmanr9@barnesandnoble.com,Female,210.157.218.111
983,Lucienne,Garci,lgarcira@scientificamerican.com,Female,62.144.64.196
984,Udale,MacIlhagga,umacilhaggarb@unesco.org,Male,111.22.66.138
985,Ginny,Viall,gviallrc@washington.edu,Female,239.103.211.226
986,Reggis,Banat,rbanatrd@360.cn,Male,59.120.201.179
987,Ebeneser,Float,efloatre@usgs.gov,Male,233.9.173.6
988,Gilemette,Lundie,glundierf@scribd.com,Female,174.5.92.180
989,Monti,Stockman,mstockmanrg@nih.gov,Male,94.73.254.156
990,Tallia,Scarce,tscarcerh@illinois.edu,Female,22.149.221.114
991,Leonard,Baddam,lbaddamri@nbcnews.com,Male,6.97.94.71
992,Karoly,Deaton,kdeatonrj@purevolume.com,Female,233.78.26.247
993,Kass,Ahren,kahrenrk@github.io,Female,124.208.222.119
994,Robby,Fassum,rfassumrl@mashable.com,Female,82.129.126.111
995,Eloise,Veazey,eveazeyrm@miibeian.gov.cn,Female,2.6.166.249
996,Brennan,Allett,ballettrn@omniture.com,Male,11.61.26.17
997,Karla,Bundy,kbundyro@goo.gl,Female,3.233.147.149
998,Gerhardine,Pheazey,gpheazeyrp@alexa.com,Female,70.83.98.181
999,Andree,Hatliffe,ahatlifferq@linkedin.com,Female,203.146.26.52
1000,Cherilyn,Jackett,cjackettrr@pagesperso-orange.fr,Female,221.4.208.22
